,Unnamed: 0,count_LAIONScore,mean_LAIONScore,std_LAIONScore,min_LAIONScore,25%_LAIONScore,50%_LAIONScore,75%_LAIONScore,max_LAIONScore,skew_LAIONScore,kurtosis_LAIONScore,RatingScore_mean,RatingScore_std,Clipscore_mean,Clipscore_std,Artifact_mean,Artifact_std,name
0,LAIONScore,32.0,7.029963315,0.11605293,6.868469715,6.941821575,7.008264065,7.099725127,7.333669662,0.682160892,-0.097327091,7.781714857,0.331826782,0.315956116,0.009326825,2.048337575,0.176344291,dreamshaper_7.safetensors-0
1,LAIONScore,32.0,6.921114922,0.155838161,6.567234516,6.824428558,6.864958525,7.041681886,7.275580406,0.292614339,-0.225872748,6.956618533,0.419615228,0.333023071,0.016748556,2.167099118,0.177993687,dreamshaper_7.safetensors-1
2,LAIONScore,32.0,6.602392673,0.136666625,6.364408493,6.524067879,6.604893208,6.650447249,7.151420593,1.852891006,6.343078636,7.452846974,0.334646518,0.313720703,0.009634086,2.68533852,0.177100632,dreamshaper_7.safetensors-10
3,LAIONScore,32.0,6.314538404,0.164766892,5.860672474,6.216854453,6.336564302,6.39675355,6.62784481,-0.471997618,0.723655346,5.866724685,0.668215382,0.249000549,0.010763816,2.917317234,0.305320141,dreamshaper_7.safetensors-11
4,LAIONScore,32.0,6.883835986,0.165795077,6.540748596,6.826778293,6.869988203,6.985420942,7.252743721,0.086793931,0.23914679,9.205224082,0.706338419,0.257900238,0.023323642,0.573911675,0.382439514,dreamshaper_7.safetensors-12
5,LAIONScore,32.0,6.797134593,0.205096274,6.328478336,6.716364384,6.817853212,6.901473284,7.136766434,-0.415975603,-0.08667582,7.569100842,0.709683557,0.256374359,0.013469622,1.925528847,0.355167587,dreamshaper_7.safetensors-13
6,LAIONScore,32.0,7.080652297,0.163219249,6.620023727,6.965661168,7.074803591,7.212506413,7.306864262,-0.658639139,0.04566261,8.265291527,0.471643786,0.302017212,0.01594688,1.753524829,0.280803199,dreamshaper_7.safetensors-14
7,LAIONScore,32.0,6.916056737,0.175685493,6.415598869,6.809521317,6.924574137,7.039014935,7.307498932,-0.404879924,0.838583472,7.857066453,0.510579777,0.26650238,0.012725078,1.818364669,0.303208572,dreamshaper_7.safetensors-15
8,LAIONScore,32.0,7.056858167,0.21202918,6.312184334,6.943914056,7.072604656,7.191892505,7.356732845,-1.43607324,3.056783671,7.599461287,0.793644651,0.296485901,0.019806624,1.978129655,0.428896504,dreamshaper_7.safetensors-16
9,LAIONScore,32.0,7.165085226,0.139500943,6.936943531,7.06767261,7.13714695,7.21865654,7.591071606,0.970754402,1.085515692,7.016496465,0.376056028,0.340499878,0.009762275,1.92695006,0.205062122,dreamshaper_7.safetensors-17
10,LAIONScore,32.0,7.14368251,0.125352422,6.847486973,7.079556823,7.142389297,7.203426123,7.431569576,-0.011095188,0.333247959,8.172576308,0.4878919,0.339851379,0.010711189,1.93489784,0.237184554,dreamshaper_7.safetensors-18
11,LAIONScore,32.0,6.783240288,0.43545892,6.01121664,6.392224431,6.88715601,7.079771161,7.457154751,-0.531595185,-1.017764774,6.699995622,1.22805559,0.27154541,0.027919982,1.985774979,0.547560416,dreamshaper_7.safetensors-19
12,LAIONScore,32.0,7.031894535,0.142525186,6.560335636,6.985877991,7.018228531,7.129804969,7.264262199,-1.009119596,2.050743353,8.043181822,0.471589657,0.24679184,0.008964963,1.57685693,0.207577565,dreamshaper_7.safetensors-2
13,LAIONScore,32.0,7.137490928,0.147192733,6.874570847,7.019530058,7.152128935,7.246887445,7.388328552,-0.034761257,-0.997579977,8.308996022,0.416447347,0.279094696,0.015280399,1.600549318,0.232507568,dreamshaper_7.safetensors-20
14,LAIONScore,32.0,7.094523862,0.154602145,6.824861526,6.994487762,7.067940712,7.179935932,7.385062695,0.287397674,-0.571654814,8.268249303,0.34339417,0.2943573,0.014885002,1.716983937,0.232865791,dreamshaper_7.safetensors-21
15,LAIONScore,32.0,6.903322995,0.23195294,6.443835258,6.783581257,6.943933249,7.006852627,7.424684048,-0.12843875,-0.15436041,8.609070748,0.611267895,0.264461517,0.030346827,1.042487484,0.42558999,dreamshaper_7.safetensors-22
16,LAIONScore,32.0,6.48133117,0.38150947,5.582157612,6.198304057,6.566399336,6.724267483,7.129696846,-0.486861578,-0.203033984,6.252843603,0.713230348,0.257766724,0.031920508,2.395440251,0.314674813,dreamshaper_7.safetensors-23
17,LAIONScore,32.0,6.948557377,0.463094411,5.603919983,6.80552578,7.106945276,7.238749146,7.423061371,-1.81930806,2.596182015,7.216773584,0.552393181,0.295467377,0.021170776,1.737518132,0.209975749,dreamshaper_7.safetensors-24
18,LAIONScore,32.0,6.757936567,0.223562644,6.221806049,6.619300842,6.781995058,6.88536191,7.163470745,-0.293751169,-0.367886669,8.260354057,0.566717928,0.347816467,0.015368334,1.634008035,0.365643038,dreamshaper_7.safetensors-25
19,LAIONScore,32.0,7.120339379,0.172984811,6.751866817,7.042445302,7.135973454,7.20135653,7.476937294,-0.253808245,0.011943845,8.346945405,0.521545711,0.286994934,0.014418383,1.92682058,0.297283536,dreamshaper_7.safetensors-26
20,LAIONScore,32.0,7.248256207,0.178812361,6.754340649,7.182876229,7.266297102,7.382744908,7.506990433,-1.08856123,1.046019911,8.336283252,0.57654337,0.277809143,0.008162379,1.736111291,0.352555289,dreamshaper_7.safetensors-27
21,LAIONScore,32.0,7.067122638,0.128089386,6.812400818,7.016128302,7.09218955,7.159937024,7.350119591,-0.399358861,-0.245986121,8.624679789,0.378545118,0.337890625,0.013884928,1.601326779,0.187799649,dreamshaper_7.safetensors-28
22,LAIONScore,32.0,7.151583284,0.21203514,6.687506676,7.02953279,7.122075081,7.313099861,7.683959007,0.110742157,0.184799313,7.900796264,0.359782941,0.287563324,0.01687573,1.70609526,0.188426825,dreamshaper_7.safetensors-29
23,LAIONScore,32.0,6.736924902,0.17826173,6.224086761,6.640560627,6.729465961,6.839050055,7.044556141,-0.411850201,0.582471275,6.783582479,0.700673837,0.210220337,0.029152814,2.462438419,0.318037352,dreamshaper_7.safetensors-3
24,LAIONScore,32.0,5.661977828,0.20797811,5.323406219,5.510837317,5.625509739,5.791400313,6.144175529,0.303512376,-0.567754932,6.379089192,0.331598265,0.232452393,0.011420141,1.668898657,0.199405271,dreamshaper_7.safetensors-4
25,LAIONScore,32.0,6.418239117,0.299443917,5.860744476,6.240271091,6.392954111,6.588132143,7.127158642,0.420764181,-0.048320651,7.473237664,0.485482751,0.306060791,0.018525226,2.006387472,0.304791876,dreamshaper_7.safetensors-5
26,LAIONScore,32.0,7.05967623,0.109308416,6.888680935,6.966730595,7.048514605,7.144652367,7.304672718,0.331739192,-0.747278657,8.963223606,0.421735999,0.307235718,0.012115584,1.487824589,0.211099733,dreamshaper_7.safetensors-6
27,LAIONScore,32.0,7.142568678,0.135133192,6.862763405,7.057857633,7.152765989,7.21366775,7.456782341,0.107451968,-0.155297029,8.546432137,0.310330959,0.340759277,0.012731501,1.376803773,0.195990639,dreamshaper_7.safetensors-7
28,LAIONScore,32.0,6.780807108,0.201213354,6.307155609,6.631317019,6.771195889,6.899395943,7.137760162,-0.160735925,-0.319092904,7.41075246,0.490420581,0.317596436,0.013209106,2.360784035,0.248121849,dreamshaper_7.safetensors-8
29,LAIONScore,32.0,6.993678838,0.280728823,6.305038452,6.735935807,7.083450794,7.222498298,7.46025753,-0.653780205,-0.375630923,6.924911246,0.75455405,0.309387207,0.021537023,2.102558751,0.309247921,dreamshaper_7.safetensors-9
30,LAIONScore,32.0,6.866638973,0.154705675,6.546506882,6.77215004,6.858494997,6.966810942,7.291954517,0.27168008,0.561673147,6.357045546,0.349374749,0.323112488,0.008754447,2.787599698,0.183431289,GhostMix-V2.0-fp16-NoVAE-0
31,LAIONScore,32.0,6.882197663,0.161557977,6.44024229,6.788704634,6.879457474,6.979766011,7.188211918,-0.613236194,0.450731622,6.484368503,0.477106749,0.354316711,0.012531282,2.621504717,0.20509866,GhostMix-V2.0-fp16-NoVAE-1
32,LAIONScore,32.0,6.677208707,0.10812617,6.420448303,6.597361565,6.679002285,6.753094316,6.894465446,-0.115928198,-0.385403416,6.636327952,0.27354656,0.305274963,0.008617174,2.970619269,0.20951137,GhostMix-V2.0-fp16-NoVAE-10
33,LAIONScore,32.0,6.327453956,0.125044162,6.101686478,6.187452316,6.370675325,6.426512718,6.514315605,-0.348679215,-1.314882053,5.348051235,0.46758634,0.24943924,0.012360292,3.039871268,0.246527864,GhostMix-V2.0-fp16-NoVAE-11
34,LAIONScore,32.0,6.651125789,0.173451585,6.292352676,6.552180529,6.645177603,6.783318043,6.935267925,-0.285672323,-0.676652077,8.093563959,0.695522005,0.252937317,0.018554059,1.064568163,0.43887359,GhostMix-V2.0-fp16-NoVAE-12
35,LAIONScore,32.0,6.923761353,0.21685835,6.196291924,6.834611893,6.948403835,7.011988401,7.322937965,-1.005905979,2.469043536,6.983619153,0.671620477,0.260353088,0.01427973,2.454442568,0.366760163,GhostMix-V2.0-fp16-NoVAE-13
36,LAIONScore,32.0,6.944396466,0.170712474,6.526954651,6.856322169,6.982271433,7.068587184,7.252089977,-0.63117275,0.041002376,7.7608044,0.729842111,0.278129578,0.013108887,2.09429767,0.359636035,GhostMix-V2.0-fp16-NoVAE-14
37,LAIONScore,32.0,6.921664834,0.121570942,6.666591167,6.82739234,6.898294926,7.017345428,7.165590286,0.050922931,-0.919137145,7.065328047,0.384007391,0.294830322,0.011139501,1.945420619,0.219749592,GhostMix-V2.0-fp16-NoVAE-15
38,LAIONScore,32.0,6.580621883,0.480616585,5.068939209,6.435818672,6.692193747,6.899501562,7.253987789,-1.45767241,2.127355566,6.575385392,1.101731685,0.292743683,0.01962729,2.422141507,0.367524292,GhostMix-V2.0-fp16-NoVAE-16
39,LAIONScore,32.0,7.319930986,0.146174669,6.961994648,7.265835047,7.301174402,7.396873474,7.682329655,-0.120521309,0.786794496,7.579835951,0.467179484,0.321098328,0.010313629,2.009467922,0.216860295,GhostMix-V2.0-fp16-NoVAE-17
40,LAIONScore,32.0,7.117017716,0.105848917,6.901082039,7.057163477,7.107744694,7.204379678,7.302690029,-0.238109551,-0.76295767,7.24625811,0.329892956,0.321014404,0.008812714,2.400582664,0.196977944,GhostMix-V2.0-fp16-NoVAE-18
41,LAIONScore,32.0,7.013360426,0.370776321,5.928874969,6.900595665,7.146384954,7.22147429,7.484297752,-1.420332121,1.472834616,5.988029629,0.90084199,0.260326385,0.025991588,2.560007349,0.328648667,GhostMix-V2.0-fp16-NoVAE-19
42,LAIONScore,32.0,7.101369917,0.139389129,6.865440845,7.018345475,7.060322046,7.180335999,7.431165695,0.71854864,-0.017613721,8.146491006,0.292667616,0.248352051,0.012060507,1.765496187,0.17407954,GhostMix-V2.0-fp16-NoVAE-2
43,LAIONScore,32.0,7.042758107,0.148676757,6.689702034,6.947669744,7.059440374,7.127742887,7.338421822,-0.251565598,0.197257623,7.969787359,0.455717719,0.242797852,0.013169741,1.690700453,0.250319421,GhostMix-V2.0-fp16-NoVAE-20
44,LAIONScore,32.0,7.112969175,0.141669801,6.828117371,7.026882768,7.086895943,7.210189462,7.384160042,0.122780516,-0.670654253,7.372096688,0.540126918,0.269721985,0.012913189,2.240510326,0.278387078,GhostMix-V2.0-fp16-NoVAE-21
45,LAIONScore,32.0,7.038806289,0.304682475,6.033750534,6.870118618,7.096752644,7.217797875,7.535937309,-0.971976659,1.943701439,8.405564114,0.720526699,0.299530029,0.047538179,1.336903955,0.487222211,GhostMix-V2.0-fp16-NoVAE-22
46,LAIONScore,32.0,6.512467012,0.295953695,6.011188507,6.294894338,6.533084869,6.679780006,7.224068165,0.395659372,-0.224537078,6.034820393,0.61622325,0.241512299,0.021462516,2.392897401,0.34237177,GhostMix-V2.0-fp16-NoVAE-23
47,LAIONScore,32.0,6.489937499,0.484367923,5.587360859,6.028140306,6.565777302,6.907506347,7.267990589,-0.268135567,-1.185688147,6.552799806,0.70169472,0.274177551,0.025815615,1.831963778,0.384278444,GhostMix-V2.0-fp16-NoVAE-24
48,LAIONScore,32.0,7.052416354,0.152102796,6.812349796,6.925185204,7.007733583,7.159147859,7.331412315,0.408320054,-1.090213094,7.859090686,0.617357577,0.317642212,0.016993215,1.946960475,0.391269829,GhostMix-V2.0-fp16-NoVAE-25
49,LAIONScore,32.0,6.88036032,0.145474251,6.620031834,6.757950425,6.894151211,6.992020965,7.104176044,-0.199951328,-1.118686586,7.247396529,0.665987468,0.254764557,0.017562501,2.527314041,0.359433252,GhostMix-V2.0-fp16-NoVAE-26
50,LAIONScore,32.0,6.927803099,0.150327771,6.428955078,6.840970993,6.932001352,6.993783116,7.223265171,-0.682658079,2.317842171,7.736017764,0.730629974,0.268474579,0.010056438,2.078080561,0.387714803,GhostMix-V2.0-fp16-NoVAE-27
51,LAIONScore,32.0,6.901619375,0.128338112,6.634004593,6.814000964,6.935646534,7.015484095,7.09262991,-0.392879469,-0.970568207,7.84866868,0.500973585,0.329986572,0.016716921,1.910773356,0.252006696,GhostMix-V2.0-fp16-NoVAE-28
52,LAIONScore,32.0,7.186486542,0.24111998,6.657803535,7.107197046,7.187887669,7.303493857,7.783842564,-0.140923481,0.296899024,7.229167074,0.62876188,0.261955261,0.013303317,2.017410867,0.365578406,GhostMix-V2.0-fp16-NoVAE-29
53,LAIONScore,32.0,6.5209333,0.21428504,6.136086941,6.34503901,6.488807678,6.66719985,6.948609352,0.150789853,-0.998513146,6.224444687,0.66328163,0.181655884,0.019373104,2.709978502,0.31227038,GhostMix-V2.0-fp16-NoVAE-3
54,LAIONScore,32.0,5.701555878,0.198087117,5.41212368,5.54851532,5.681535482,5.812059522,6.209514141,0.669125235,-0.016085132,6.652173012,0.511812582,0.23109436,0.015291857,1.667233218,0.223412534,GhostMix-V2.0-fp16-NoVAE-4
55,LAIONScore,32.0,6.508988798,0.376060748,5.312509537,6.354208946,6.602838039,6.74537468,7.241406441,-1.151020497,1.974961982,6.772827908,0.702683007,0.286029816,0.034053134,2.286057439,0.510555773,GhostMix-V2.0-fp16-NoVAE-5
56,LAIONScore,32.0,7.037734687,0.137366773,6.757193089,6.952087879,7.030170918,7.142241001,7.305578232,-0.085570107,-0.569064191,8.606604978,0.396220942,0.28993988,0.008938652,1.702027839,0.212848415,GhostMix-V2.0-fp16-NoVAE-6
57,LAIONScore,32.0,6.966274887,0.132869873,6.718471527,6.900266171,6.959162235,7.002146602,7.313160896,0.655174377,0.971698744,8.029199198,0.506458905,0.3019104,0.013851989,1.770822175,0.246195252,GhostMix-V2.0-fp16-NoVAE-7
58,LAIONScore,32.0,6.804131657,0.169117177,6.370446682,6.735289574,6.778896809,6.858838916,7.144935131,0.002656369,0.423199201,7.223804682,0.332656488,0.316047668,0.013067652,2.531675331,0.191728566,GhostMix-V2.0-fp16-NoVAE-8
59,LAIONScore,32.0,6.904049188,0.332635221,6.084733963,6.769274473,6.943733215,7.086042166,7.444775581,-0.724210923,0.482380777,6.495919839,0.631855655,0.325889587,0.023582969,2.412216999,0.290790692,GhostMix-V2.0-fp16-NoVAE-9
60,LAIONScore,32.0,7.012120903,0.141517762,6.715289116,6.941524148,7.00278616,7.09881258,7.34326458,0.426294811,0.141396681,7.898809955,0.240819335,0.31476593,0.008653493,2.021431457,0.1831278,lyriel_v14.safetensors-0
61,LAIONScore,32.0,7.07486698,0.154541069,6.769207954,7.020470619,7.069798708,7.1381706,7.572927475,0.612713954,1.988756681,6.887251183,0.406042952,0.344314575,0.009943381,2.2516817,0.170960528,lyriel_v14.safetensors-1
62,LAIONScore,32.0,6.566350788,0.134557417,6.293593407,6.458784461,6.577430725,6.659412026,6.859728813,-0.170638367,-0.381934003,7.340114892,0.293869791,0.310768127,0.009468982,2.723381035,0.151855467,lyriel_v14.safetensors-10
63,LAIONScore,32.0,6.208670259,0.158221917,5.741495132,6.107631445,6.234174728,6.288915038,6.621694565,-0.34489981,1.665702015,5.806587875,0.482318672,0.241378784,0.010562819,2.64854994,0.269021819,lyriel_v14.safetensors-11
64,LAIONScore,32.0,6.866020992,0.154828129,6.610109329,6.747576594,6.874446154,6.939305186,7.267108917,0.379010673,-0.130259822,9.13948755,0.678781236,0.260890961,0.020829622,0.608967382,0.409546354,lyriel_v14.safetensors-12
65,LAIONScore,32.0,7.182423472,0.144089877,6.877179623,7.101391315,7.187181234,7.286661863,7.442854881,-0.349658969,-0.382194893,8.062236965,0.461797324,0.282367706,0.01468955,1.743575282,0.293241758,lyriel_v14.safetensors-13
66,LAIONScore,32.0,6.481740981,0.469755354,5.547911644,6.070773721,6.385708094,6.914969206,7.28834486,0.118826904,-1.19106661,7.235918716,0.700708431,0.27413559,0.025080664,1.517349414,0.414135052,lyriel_v14.safetensors-14
67,LAIONScore,32.0,6.702385977,0.184146934,6.343977928,6.585999846,6.715439558,6.824481368,7.020869255,-0.174918817,-0.621633338,7.133955151,0.431936145,0.265411377,0.01062621,2.028655108,0.239639797,lyriel_v14.safetensors-15
68,LAIONScore,32.0,6.833110347,0.229831018,6.11267662,6.702079535,6.889972925,6.986019254,7.161074638,-0.965304859,1.189979233,7.10893327,0.637058027,0.311660767,0.01597139,2.135894515,0.316967417,lyriel_v14.safetensors-16
69,LAIONScore,32.0,7.193646148,0.126683517,6.84147644,7.122764111,7.19039464,7.306766987,7.428388596,-0.530532057,0.255404447,6.893664941,0.339853511,0.344291687,0.011859012,1.998656727,0.160740013,lyriel_v14.safetensors-17
70,LAIONScore,32.0,7.080053613,0.115543853,6.860045433,6.993981957,7.088759184,7.170858979,7.286595345,-0.09864479,-0.94247595,8.538029686,0.411547196,0.342658997,0.008136924,1.70508885,0.203043203,lyriel_v14.safetensors-18
71,LAIONScore,32.0,6.934234023,0.322849953,5.922085762,6.790584564,6.938024044,7.177456141,7.427052498,-0.929080594,1.258380963,6.91831705,1.196538705,0.291252136,0.024903446,1.89261747,0.547598896,lyriel_v14.safetensors-19
72,LAIONScore,32.0,6.924626499,0.167707177,6.643701553,6.795088291,6.899633169,7.06218791,7.325520515,0.315224658,-0.690164502,7.713931233,0.278148657,0.243759155,0.010919484,1.758320257,0.175189715,lyriel_v14.safetensors-2
73,LAIONScore,32.0,7.15963085,0.201992887,6.819057465,7.06739831,7.180929661,7.275514007,7.587509632,0.160340048,-0.474068143,8.099902838,0.349494435,0.292724609,0.012576353,1.807030421,0.218397919,lyriel_v14.safetensors-20
74,LAIONScore,32.0,6.987062588,0.205690309,6.48884964,6.919508934,7.024219275,7.112583756,7.297657013,-0.860263638,0.247371689,8.140648261,0.324641122,0.298538208,0.012833567,1.686930891,0.222626456,lyriel_v14.safetensors-21
75,LAIONScore,32.0,6.810554594,0.238485205,6.384776115,6.613321304,6.817890167,6.981082559,7.337583542,0.156954972,-0.765926149,8.662373111,0.599918937,0.286289215,0.017628392,0.978286576,0.423695063,lyriel_v14.safetensors-22
76,LAIONScore,32.0,5.638344228,0.340300318,4.84396553,5.373711228,5.689698458,5.862812042,6.20411396,-0.230152508,-0.594300957,4.661873676,0.796407523,0.218288422,0.029773174,2.42471537,0.520327454,lyriel_v14.safetensors-23
77,LAIONScore,32.0,7.090287149,0.144879464,6.796765327,7.020601511,7.111332893,7.19735384,7.363287926,-0.398682838,-0.308557369,7.367765933,0.294172098,0.291809082,0.016514719,1.864480335,0.170265659,lyriel_v14.safetensors-24
78,LAIONScore,32.0,6.724950388,0.238340189,6.288286209,6.532909036,6.716199875,6.874136686,7.18283844,0.271399402,-0.663010368,8.042506039,0.453965911,0.344856262,0.013200112,1.756521098,0.275410908,lyriel_v14.safetensors-25
79,LAIONScore,32.0,7.073766559,0.222010916,6.721547127,6.900725245,7.049015284,7.228193521,7.504785538,0.298361421,-0.786053446,8.010834336,0.433420874,0.295295715,0.015561569,1.952135481,0.222506559,lyriel_v14.safetensors-26
80,LAIONScore,32.0,7.145136625,0.228027411,6.592744827,7.033202171,7.221125364,7.301293612,7.462521076,-0.889952524,-0.218134958,8.377256751,0.537098324,0.278862,0.009022626,1.686829053,0.357104419,lyriel_v14.safetensors-27
81,LAIONScore,32.0,6.917621404,0.120716161,6.674767017,6.823350906,6.9211514,7.016388059,7.132264137,-0.13258508,-0.867470935,8.095403999,0.460138916,0.346733093,0.010133442,1.758063566,0.240032311,lyriel_v14.safetensors-28
82,LAIONScore,32.0,7.115168378,0.18317978,6.712259293,6.977831602,7.154263973,7.231521726,7.500039577,0.00430348,-0.514681029,7.787816331,0.350199067,0.284660339,0.008575925,1.766217474,0.163932996,lyriel_v14.safetensors-29
83,LAIONScore,32.0,6.600403726,0.256512022,6.031876564,6.510230064,6.622279406,6.742718935,7.045068264,-0.623894395,-0.054494502,7.508259282,0.978059319,0.205469131,0.034958535,2.007548276,0.537354116,lyriel_v14.safetensors-3
84,LAIONScore,32.0,5.877582937,0.198270925,5.520982742,5.699440241,5.913811207,6.020645261,6.370872498,0.268796274,-0.432644245,6.433728099,0.345417949,0.248184204,0.016940685,1.643478509,0.200227492,lyriel_v14.safetensors-4
85,LAIONScore,32.0,6.445394084,0.214742911,6.008598328,6.288130999,6.421504021,6.602802038,6.880234241,0.019649988,-0.689940437,7.436493441,0.364717683,0.321998596,0.017186503,2.049906138,0.233867621,lyriel_v14.safetensors-5
86,LAIONScore,32.0,7.114638373,0.120051061,6.893673897,7.039792538,7.119952679,7.183048964,7.396636486,0.074035177,-0.187547133,8.742014915,0.357427742,0.31061554,0.009565055,1.540003877,0.188777925,lyriel_v14.safetensors-6
87,LAIONScore,32.0,7.030943602,0.153412297,6.649990082,6.959175587,7.031785488,7.104291558,7.503734589,0.376599444,1.955018786,8.440442383,0.258675597,0.33556366,0.011021534,1.376280753,0.165398564,lyriel_v14.safetensors-7
88,LAIONScore,32.0,6.543956727,0.153781197,6.255379677,6.457433343,6.540325165,6.639201164,6.93768692,0.131881885,0.04132833,7.380088761,0.381401565,0.314743042,0.011386196,2.363676555,0.229879133,lyriel_v14.safetensors-8
89,LAIONScore,32.0,7.19492729,0.196717167,6.644377708,7.114227176,7.238242626,7.327978611,7.466475487,-1.267544197,1.300071732,7.233868763,0.579538628,0.341697693,0.010633589,1.950914044,0.237238425,lyriel_v14.safetensors-9
90,LAIONScore,32.0,6.504737481,0.111681364,6.302284241,6.432474732,6.493876219,6.575832367,6.772511482,0.363887002,-0.200044099,6.791414797,0.397092224,0.286716461,0.012989263,2.284769509,0.215423439,majicmixRealistic_v6.safetensors-0
91,LAIONScore,32.0,6.555413499,0.135933682,6.273949623,6.461912155,6.556374073,6.657034874,6.851965904,-0.030931354,-0.586399316,6.060342595,0.422666719,0.27355957,0.019688687,2.385579549,0.227234776,majicmixRealistic_v6.safetensors-1
92,LAIONScore,32.0,6.588966772,0.15212594,6.223948956,6.500773668,6.596467495,6.70630157,6.866430759,-0.50505675,-0.240455869,6.346182585,0.49157479,0.294204712,0.009556035,2.970048733,0.313770304,majicmixRealistic_v6.safetensors-10
93,LAIONScore,32.0,6.413865477,0.178856355,5.876874447,6.309904456,6.392266273,6.523133874,6.852817059,-0.297900597,1.468912494,4.951670468,0.493513173,0.253780365,0.011978003,3.282811172,0.18790193,majicmixRealistic_v6.safetensors-11
94,LAIONScore,32.0,6.451880112,0.29031019,5.948913574,6.212851286,6.455912828,6.662441254,6.969041824,0.059375731,-0.931934166,8.690340132,0.787644371,0.198875427,0.028031312,0.618684335,0.38096787,majicmixRealistic_v6.safetensors-12
95,LAIONScore,32.0,6.407015339,0.170510349,6.080883026,6.339657187,6.413931847,6.52579689,6.781357288,-0.288685881,-0.319581871,6.935859352,0.497832205,0.234790802,0.009570648,2.218732897,0.248456252,majicmixRealistic_v6.safetensors-13
96,LAIONScore,32.0,6.790924102,0.170250341,6.499792099,6.669210672,6.824373007,6.918748736,7.10390234,-0.155307469,-1.080864095,7.503881156,0.515496142,0.224170685,0.024879012,2.189209748,0.306965873,majicmixRealistic_v6.safetensors-14
97,LAIONScore,32.0,6.599899173,0.212846811,6.026547909,6.486059785,6.608992338,6.727668405,7.029463768,-0.35396507,0.264543337,7.161148205,0.584820674,0.239852905,0.011599279,1.989831012,0.329607004,majicmixRealistic_v6.safetensors-15
98,LAIONScore,32.0,6.638778016,0.200749861,6.225439548,6.525992751,6.676617146,6.762345076,6.942000866,-0.402649625,-0.584729117,7.107584,0.543526311,0.254322052,0.016783083,2.122850608,0.409015957,majicmixRealistic_v6.safetensors-16
99,LAIONScore,32.0,6.764801323,0.188258742,6.405968189,6.636695981,6.772548437,6.927473903,7.079496384,-0.184070241,-0.905184903,7.0776283,0.55424839,0.285209656,0.015782013,2.0226532,0.198090231,majicmixRealistic_v6.safetensors-17
100,LAIONScore,32.0,6.697189763,0.219404736,6.286196232,6.522732973,6.740467548,6.890738487,7.050717354,-0.089648063,-1.112608428,6.923506007,0.474868746,0.292991638,0.016689222,2.363989472,0.265792133,majicmixRealistic_v6.safetensors-18
101,LAIONScore,32.0,6.159404904,0.273104375,5.412085533,5.926224113,6.190300941,6.363590956,6.736536026,-0.300912066,0.254159899,5.991117179,0.98197889,0.190982819,0.026765221,2.316680439,0.406610348,majicmixRealistic_v6.safetensors-19
102,LAIONScore,32.0,6.744996592,0.246393612,6.089166641,6.587302208,6.770534992,6.882011294,7.3079772,-0.141008971,0.456257321,7.49576892,0.421813126,0.269870758,0.011768582,1.813251171,0.234843382,majicmixRealistic_v6.safetensors-2
103,LAIONScore,32.0,6.629781932,0.22479148,6.224378586,6.467080116,6.623196602,6.803700328,7.068621159,0.205827353,-0.760324354,7.082342818,0.460325819,0.197620392,0.025557472,2.087960389,0.27623603,majicmixRealistic_v6.safetensors-20
104,LAIONScore,32.0,6.545092627,0.125843834,6.237662315,6.451924205,6.551701307,6.615005851,6.773079872,-0.110846106,-0.319884878,7.100361884,0.401885435,0.220031738,0.015645907,2.201861333,0.191418225,majicmixRealistic_v6.safetensors-21
105,LAIONScore,32.0,6.556524485,0.288538325,5.906866074,6.376834393,6.535700321,6.758689642,7.410111427,0.451346436,1.070536521,7.707773566,0.89273981,0.273849487,0.034874873,1.527214807,0.523143763,majicmixRealistic_v6.safetensors-22
106,LAIONScore,32.0,6.394756019,0.333791843,5.672550201,6.141091824,6.4243083,6.631105304,7.092888832,0.002888697,-0.5828632,5.090403959,0.545784946,0.224910736,0.01896107,3.022536948,0.252446998,majicmixRealistic_v6.safetensors-23
107,LAIONScore,32.0,6.646361664,0.443059598,5.431608677,6.555611849,6.78505373,6.898346543,7.207735062,-1.344051113,0.994677536,6.227367342,0.607608913,0.260967255,0.022403002,2.307701398,0.334851888,majicmixRealistic_v6.safetensors-24
108,LAIONScore,32.0,7.165167332,0.188999046,6.81018877,7.057128906,7.171100616,7.291787624,7.556088448,-0.08367893,-0.63864539,7.097515479,0.597931869,0.256511688,0.018329524,2.2507171,0.347677331,majicmixRealistic_v6.safetensors-25
109,LAIONScore,32.0,6.391519845,0.183412223,6.008372784,6.257344842,6.368362665,6.512986302,6.80924511,0.298580367,-0.413268777,6.516242966,0.470606823,0.227416992,0.016641205,2.510623921,0.302207047,majicmixRealistic_v6.safetensors-26
110,LAIONScore,32.0,6.780507639,0.179687375,6.386499882,6.666947365,6.824725151,6.884569883,7.124549866,-0.327031255,-0.552334976,6.344989434,0.613683388,0.229064941,0.01572911,2.779968038,0.261724942,majicmixRealistic_v6.safetensors-27
111,LAIONScore,32.0,6.944384724,0.185773561,6.552157402,6.820431232,6.955639839,7.085052371,7.252223969,-0.439791604,-0.408035128,7.667613655,0.490855266,0.284725189,0.030354238,1.8603395,0.227774285,majicmixRealistic_v6.safetensors-28
112,LAIONScore,32.0,6.44019483,0.256524585,5.720410824,6.359339237,6.48765707,6.628270388,6.816577911,-1.27362144,1.195271859,6.659822658,0.640546646,0.233985901,0.016261186,2.204722948,0.345289153,majicmixRealistic_v6.safetensors-29
113,LAIONScore,32.0,6.411125213,0.165925344,5.975587845,6.316977382,6.414199352,6.53993082,6.661518097,-0.744348225,0.476551747,6.71257998,0.747633139,0.143346786,0.022782312,2.369432557,0.366831085,majicmixRealistic_v6.safetensors-3
114,LAIONScore,32.0,5.529450655,0.215490463,5.002861023,5.421380877,5.575759172,5.715131402,5.826094627,-0.635719371,-0.439300826,6.585810363,0.5349762,0.245441437,0.012288039,1.714730583,0.275646036,majicmixRealistic_v6.safetensors-4
115,LAIONScore,32.0,6.308594465,0.351893026,5.569490433,6.166189671,6.457331896,6.523802996,6.815825462,-0.835913351,-0.630854622,6.817049712,0.462000859,0.269702911,0.029004512,2.342540186,0.366215554,majicmixRealistic_v6.safetensors-5
116,LAIONScore,32.0,6.742542088,0.197897003,6.208973408,6.675419331,6.754033089,6.88386023,7.051965714,-0.706923935,0.124198063,7.842891425,0.482540355,0.258609772,0.017923148,1.999923356,0.289105078,majicmixRealistic_v6.safetensors-6
117,LAIONScore,32.0,6.716425344,0.16177741,6.479420662,6.597784638,6.699217558,6.799152374,7.140252113,0.67018302,-0.052406453,7.814516187,0.49164964,0.255329132,0.014431059,1.689379215,0.248918206,majicmixRealistic_v6.safetensors-7
118,LAIONScore,32.0,6.459296674,0.221772448,5.899610043,6.315435886,6.454543591,6.635038495,6.923371315,-0.248382366,0.059580319,6.484976411,0.537167782,0.3163414,0.01866773,2.639116041,0.307570509,majicmixRealistic_v6.safetensors-8
119,LAIONScore,32.0,6.315211445,0.202546898,5.9622159,6.131984353,6.303740501,6.43130517,6.774327278,0.3263396,-0.550976217,6.557274878,0.475546417,0.269195557,0.016838266,2.2052963,0.217504229,majicmixRealistic_v6.safetensors-9
120,LAIONScore,32.0,6.307238936,0.102648278,6.082699299,6.233564854,6.31506753,6.374691129,6.508807659,-0.41421298,-0.233340581,6.631478339,0.425362471,0.264446259,0.022830404,2.296489958,0.247759879,Moyou_v1020.safetensors-0
121,LAIONScore,32.0,6.502652884,0.16122725,6.097930908,6.419780016,6.524681568,6.553022742,6.829194069,-0.328995942,0.421131216,5.881303743,0.447495076,0.242908478,0.017458438,2.280051805,0.302650973,Moyou_v1020.safetensors-1
122,LAIONScore,32.0,6.619543999,0.224588662,6.28475666,6.505890965,6.579195499,6.738790274,7.227099419,0.592234583,0.176704476,6.222034276,0.45798023,0.28754425,0.012878958,3.085748114,0.303165087,Moyou_v1020.safetensors-10
123,LAIONScore,32.0,6.532646567,0.243106411,6.104911804,6.371881843,6.533234596,6.67358613,7.069648266,0.185648738,-0.398694629,4.953309998,0.420928056,0.243495941,0.013215318,3.115640916,0.230751512,Moyou_v1020.safetensors-11
124,LAIONScore,32.0,5.937665209,0.262039157,5.347519875,5.849080682,5.951826572,6.115646482,6.355690002,-0.588807582,-0.101214209,8.376564637,0.532344193,0.18403244,0.01486215,0.828296045,0.290224734,Moyou_v1020.safetensors-12
125,LAIONScore,32.0,6.390366226,0.169515256,6.014640808,6.268609405,6.402675867,6.498169541,6.75293541,-0.114442989,-0.459482037,6.843559757,0.47947097,0.231655121,0.008858735,2.026084997,0.24354209,Moyou_v1020.safetensors-13
126,LAIONScore,32.0,6.915919006,0.267729272,6.263837814,6.777834415,6.947208405,7.120055199,7.375641346,-0.513763712,-0.135162068,7.055364341,0.734885552,0.215969086,0.030921833,2.166791867,0.431815062,Moyou_v1020.safetensors-14
127,LAIONScore,32.0,6.495828837,0.198681535,5.961041927,6.406211138,6.489570856,6.61442554,6.885830402,-0.571286289,0.783252272,7.162241355,0.586736341,0.211963654,0.013654625,1.909950197,0.277511154,Moyou_v1020.safetensors-15
128,LAIONScore,32.0,6.595871866,0.197347375,6.128185272,6.489408016,6.627960443,6.741319776,7.028448582,-0.527616026,0.10085774,7.383200765,0.411827129,0.242397308,0.018331877,1.849840712,0.24567835,Moyou_v1020.safetensors-16
129,LAIONScore,32.0,6.661924899,0.11945601,6.443806648,6.602289319,6.66233778,6.721113324,6.910700798,0.091355332,-0.29020942,7.287109822,0.310211385,0.267791748,0.012503235,1.894539677,0.173936617,Moyou_v1020.safetensors-17
130,LAIONScore,32.0,6.722414196,0.172744815,6.272362709,6.643092513,6.736343861,6.835258484,6.979777336,-0.661550974,0.142169602,7.286824256,0.415547425,0.261829376,0.016600002,1.877428301,0.245057009,Moyou_v1020.safetensors-18
131,LAIONScore,32.0,6.246487916,0.256885611,5.420438766,6.140884638,6.263257742,6.386488795,6.763022423,-0.737871015,2.045105832,5.977496862,0.802166648,0.172851563,0.036800947,2.167545591,0.427709904,Moyou_v1020.safetensors-19
132,LAIONScore,32.0,6.709587485,0.198117856,6.355985641,6.545637846,6.676189184,6.870337009,7.083417892,0.229711043,-1.045308401,7.115195036,0.378853526,0.269710541,0.011359837,1.870392989,0.179008176,Moyou_v1020.safetensors-2
133,LAIONScore,32.0,6.574199006,0.140189231,6.244651318,6.492792249,6.589690447,6.657460928,6.800908566,-0.410991378,-0.002631625,7.272061616,0.341076209,0.173809052,0.018384406,1.655180261,0.198130586,Moyou_v1020.safetensors-20
134,LAIONScore,32.0,6.583376512,0.121438227,6.409850121,6.470208406,6.555602789,6.703593373,6.803312302,0.286826841,-1.214908674,6.891340375,0.406173978,0.195396423,0.014329244,2.10212028,0.21513015,Moyou_v1020.safetensors-21
135,LAIONScore,32.0,6.544175044,0.254095499,6.099973679,6.360067964,6.526951075,6.712823272,7.077363968,0.132527229,-0.873026798,7.564373046,0.729959007,0.277030945,0.025418247,1.531650966,0.387705108,Moyou_v1020.safetensors-22
136,LAIONScore,32.0,6.1254334,0.306415462,5.478778839,5.901609421,6.113828183,6.279556751,7.154933929,0.771210347,2.4909517,5.174342699,0.485499037,0.217197418,0.020640088,2.81282641,0.261192378,Moyou_v1020.safetensors-23
137,LAIONScore,32.0,6.475304306,0.500504326,4.811118126,6.395019174,6.658792973,6.780112743,6.931355476,-1.964881903,3.091952761,6.158305943,0.547520449,0.246757507,0.020028948,2.237764232,0.325337937,Moyou_v1020.safetensors-24
138,LAIONScore,32.0,7.227305546,0.355638549,6.255334854,7.030847073,7.346013784,7.466670275,7.773066521,-0.74235745,0.100794501,6.991891846,0.510025034,0.24148941,0.023710454,2.092443623,0.329724548,Moyou_v1020.safetensors-25
139,LAIONScore,32.0,6.396342501,0.223752472,5.565239429,6.336454391,6.393383503,6.510969996,6.810464859,-1.394137796,4.514137409,6.673367336,0.595946249,0.199832916,0.017161478,2.157216333,0.365187436,Moyou_v1020.safetensors-26
140,LAIONScore,32.0,6.758536667,0.16716265,6.415911674,6.67996192,6.787240505,6.871941686,7.023957253,-0.55159131,-0.681277472,5.509042457,0.588729887,0.21395874,0.017228707,3.166943103,0.290984073,Moyou_v1020.safetensors-27
141,LAIONScore,32.0,6.705894202,0.165269636,6.410040379,6.584585428,6.689731121,6.823868394,7.125522137,0.371973859,-0.295221003,6.987550244,0.684857588,0.223266602,0.021522012,2.031873055,0.398513689,Moyou_v1020.safetensors-28
142,LAIONScore,32.0,6.521193132,0.179963299,5.995163918,6.504281044,6.5525105,6.6258775,6.774882317,-1.337044342,1.555198111,6.754031464,0.470077874,0.213779449,0.014534675,1.969417509,0.258685359,Moyou_v1020.safetensors-29
143,LAIONScore,32.0,6.268437058,0.200163528,5.854290009,6.121187925,6.327620983,6.435508132,6.571233273,-0.330316815,-0.895140284,6.506895006,0.75729348,0.118276596,0.018076141,2.304051474,0.390762315,Moyou_v1020.safetensors-3
144,LAIONScore,32.0,5.539852485,0.198032201,5.180112839,5.409299016,5.543878078,5.685504675,5.914376259,0.145274637,-0.682998203,6.688952625,0.505057035,0.246044159,0.015970781,1.675924305,0.256456917,Moyou_v1020.safetensors-4
145,LAIONScore,32.0,6.357800975,0.451757969,5.587444782,5.95637095,6.507042408,6.738760233,7.006587982,-0.351322739,-1.282810364,6.409799784,0.489874131,0.245052338,0.03969212,2.358328443,0.411665653,Moyou_v1020.safetensors-5
146,LAIONScore,32.0,6.618653804,0.143758603,6.373031139,6.54862988,6.593480349,6.706556082,7.045924187,0.758958764,0.959754007,7.624041647,0.426435474,0.216114044,0.025093502,1.902315121,0.262249951,Moyou_v1020.safetensors-6
147,LAIONScore,32.0,6.68804422,0.136713704,6.377195358,6.603959322,6.705451965,6.734856606,7.0853405,0.227635599,1.686897557,7.488312319,0.240711402,0.2371521,0.015429797,1.666892,0.164189044,Moyou_v1020.safetensors-7
148,LAIONScore,32.0,6.422415361,0.234073996,5.998544693,6.281882286,6.45250392,6.591216683,6.790038109,-0.32272173,-1.04444432,6.166603118,0.498320034,0.324584961,0.019148412,2.586769275,0.25444722,Moyou_v1020.safetensors-8
149,LAIONScore,32.0,6.473543093,0.159083142,6.111651421,6.388260245,6.511575222,6.565521121,6.865200043,-0.316195757,0.483179503,6.956092194,0.374616512,0.241523743,0.018932977,1.862212267,0.24740851,Moyou_v1020.safetensors-9
150,LAIONScore,32.0,6.952113837,0.140106791,6.623614311,6.846597433,6.952477694,7.040542364,7.279914856,-0.040993284,-0.111035841,7.31364648,0.386489996,0.318466187,0.008872366,2.379388351,0.165463413,revAnimated_v122.safetensors-0
151,LAIONScore,32.0,7.126699239,0.174694845,6.715535164,7.059345961,7.133779764,7.230667114,7.455042362,-0.33079486,-0.098888617,6.817551479,0.35858325,0.32901001,0.014025575,2.40151079,0.150658017,revAnimated_v122.safetensors-1
152,LAIONScore,32.0,6.512178749,0.122681793,6.164422989,6.461362958,6.505194664,6.577032566,6.727426529,-0.413683969,0.695968157,6.827252731,0.225424751,0.311981201,0.006539241,2.944267087,0.128460061,revAnimated_v122.safetensors-10
153,LAIONScore,32.0,6.345713168,0.143249688,6.040440083,6.256964087,6.337014198,6.46003139,6.641077042,-0.16675242,-0.404933392,5.803108081,0.519758353,0.262851715,0.012370963,3.1059343,0.245419242,revAnimated_v122.safetensors-11
154,LAIONScore,32.0,7.065108061,0.16635459,6.666315079,6.93082726,7.055931091,7.141421795,7.417927742,0.134180267,-0.071416911,8.248345435,0.384362018,0.267471313,0.020565808,1.128942663,0.231912872,revAnimated_v122.safetensors-12
155,LAIONScore,32.0,6.639531538,0.190679426,6.132829666,6.518384933,6.66398263,6.794799805,6.911505222,-0.708857673,0.085646854,6.701682851,0.750420256,0.243831635,0.016947178,2.512861833,0.361192188,revAnimated_v122.safetensors-13
156,LAIONScore,32.0,6.942436188,0.139580819,6.699596405,6.845952988,6.952515364,7.039026618,7.185001373,-0.027234777,-0.929310194,7.637729317,0.555332039,0.270015717,0.014050337,2.240043666,0.342960031,revAnimated_v122.safetensors-14
157,LAIONScore,32.0,6.984997645,0.171245019,6.72069025,6.852172732,6.999216318,7.056791067,7.473361015,0.803169051,0.739030284,7.77213791,0.373067495,0.263549805,0.016163286,1.960917789,0.257213396,revAnimated_v122.safetensors-15
158,LAIONScore,32.0,6.753326088,0.282702649,6.185246944,6.557727218,6.710322857,6.999126315,7.369011879,-0.047269151,-0.705725712,6.735564739,0.783025727,0.299301147,0.022434629,2.477066346,0.382388254,revAnimated_v122.safetensors-16
159,LAIONScore,32.0,7.180447131,0.112424115,6.965895653,7.091710091,7.191777468,7.248332024,7.40939045,0.138677893,-0.654716945,7.295475692,0.275476566,0.326248169,0.010681229,2.069819685,0.160128412,revAnimated_v122.safetensors-17
160,LAIONScore,32.0,7.166106731,0.137120245,6.913809776,7.082355857,7.169578075,7.273241401,7.401631355,-0.14832718,-0.789895747,7.838112488,0.342045655,0.326850891,0.011555606,2.209539916,0.164045796,revAnimated_v122.safetensors-18
161,LAIONScore,32.0,6.50130403,0.451801452,5.68871212,6.091034889,6.556097269,6.912018657,7.27808857,-0.123857882,-1.304792582,5.816659644,1.131466463,0.231811523,0.020491616,2.396403432,0.429115826,revAnimated_v122.safetensors-19
162,LAIONScore,32.0,7.150828615,0.142630258,6.866606712,7.061320305,7.16738987,7.240136623,7.498258114,0.050372185,-0.112225005,8.041425973,0.27346002,0.261611938,0.01240624,1.796224706,0.129321943,revAnimated_v122.safetensors-2
163,LAIONScore,32.0,7.165494069,0.149275642,6.94630146,7.072644591,7.127811432,7.246074319,7.469272614,0.693175656,-0.563233347,8.182549328,0.441371607,0.262329102,0.016967746,1.753334332,0.234017567,revAnimated_v122.safetensors-20
164,LAIONScore,32.0,7.231953695,0.166387046,6.605755806,7.175455332,7.265058517,7.327764869,7.458069324,-1.695489309,4.379879148,7.3001692,0.53254995,0.295967102,0.019671342,2.385225922,0.264773651,revAnimated_v122.safetensors-21
165,LAIONScore,32.0,7.164633721,0.158439323,6.883956909,7.055692196,7.176552773,7.291530848,7.577620506,0.130941792,-0.016432926,8.693923101,0.924491195,0.32913208,0.034985379,1.311755371,0.582223869,revAnimated_v122.safetensors-22
166,LAIONScore,32.0,7.046672404,0.183039344,6.68103981,6.925761104,7.066034794,7.169685721,7.381770134,-0.280314519,-0.830453273,6.979886174,0.342045372,0.237606049,0.021060821,2.292100903,0.198490438,revAnimated_v122.safetensors-23
167,LAIONScore,32.0,6.171497539,0.557682756,5.419249058,5.748980045,6.001733303,6.63675344,7.266438484,0.721181413,-0.836168911,6.854886472,0.543975688,0.254089355,0.023430247,1.334868433,0.414954026,revAnimated_v122.safetensors-24
168,LAIONScore,32.0,7.264725849,0.146314875,6.941702843,7.193214893,7.279295444,7.336801291,7.579124451,-0.27013976,0.125203479,8.203354701,0.612235666,0.308807373,0.015183377,1.898795646,0.389313712,revAnimated_v122.safetensors-25
169,LAIONScore,32.0,6.628930375,0.207931233,6.087164879,6.550574303,6.681526184,6.754514456,7.012533188,-0.972244155,0.475569589,6.604180381,0.598554772,0.253391266,0.018226245,2.88509313,0.251045155,revAnimated_v122.safetensors-26
170,LAIONScore,32.0,6.911820054,0.119159382,6.729727268,6.85170424,6.891858578,6.939629555,7.223425865,1.000675028,0.673365964,7.280011177,0.396550636,0.256427765,0.013924399,2.254410665,0.210702192,revAnimated_v122.safetensors-27
171,LAIONScore,32.0,7.081276685,0.140124765,6.778845787,6.963541985,7.08678627,7.172553539,7.34896946,0.077118802,-0.65164838,8.107394144,0.429167941,0.326705933,0.009386016,1.86320103,0.212343034,revAnimated_v122.safetensors-28
172,LAIONScore,32.0,7.207830891,0.151952903,6.867984772,7.108714819,7.198806286,7.316490412,7.493035316,-0.379561285,-0.452335703,8.098565578,0.373223766,0.269317627,0.010365155,1.64148527,0.196439826,revAnimated_v122.safetensors-29
173,LAIONScore,32.0,6.59899731,0.16100173,6.292417049,6.49416852,6.567303658,6.656628609,6.970293522,0.612854056,0.197867673,5.786468118,0.388214931,0.18012619,0.024737634,2.970346905,0.232458239,revAnimated_v122.safetensors-3
174,LAIONScore,32.0,6.069861606,0.216852955,5.546317101,5.921245098,6.066073895,6.210801721,6.501666069,0.010549661,-0.176341384,6.730512887,0.648715768,0.244602203,0.021101437,1.723245833,0.238270306,revAnimated_v122.safetensors-4
175,LAIONScore,32.0,6.58486715,0.17981376,6.218954086,6.486921549,6.597421646,6.701666713,6.907889366,-0.347765495,-0.522113395,6.839080334,0.421125831,0.30645752,0.019064573,2.321331415,0.291121773,revAnimated_v122.safetensors-5
176,LAIONScore,32.0,7.173259571,0.111777783,6.968294144,7.087173462,7.193692446,7.268224239,7.379299164,-0.065037958,-1.082842484,8.658102006,0.419567737,0.304084778,0.00978125,1.707025066,0.248651766,revAnimated_v122.safetensors-6
177,LAIONScore,32.0,7.103813291,0.131904558,6.721346378,7.032175541,7.132507563,7.171958566,7.424133301,-0.462438078,1.23962154,8.34452799,0.437581712,0.311004639,0.015987221,1.648164865,0.218909495,revAnimated_v122.safetensors-7
178,LAIONScore,32.0,6.845155746,0.187768467,6.383145332,6.74593997,6.884227991,6.962948918,7.218374252,-0.725142136,0.397232034,7.15448387,0.422812103,0.322113037,0.012001249,2.663522288,0.197385943,revAnimated_v122.safetensors-8
179,LAIONScore,32.0,6.744863123,0.346860784,5.971345425,6.584747076,6.810269117,6.995087147,7.235331535,-0.702389782,-0.28167552,6.4180457,0.55889175,0.303787231,0.020790104,2.450716477,0.26646092,revAnimated_v122.safetensors-9
180,LAIONScore,32.0,6.875412479,0.115578948,6.634502411,6.83552444,6.875320911,6.949313402,7.096749306,-0.189764396,-0.343689493,6.454523563,0.264542864,0.321922302,0.010262959,2.751458511,0.1327449,AWPainting 1.1_v1.1.safetensors-0
181,LAIONScore,32.0,6.854466662,0.106563449,6.579925537,6.799099684,6.854351521,6.924275637,7.096316338,-0.304781869,0.424490106,6.223978758,0.418636125,0.361061096,0.009363947,2.581084106,0.272203464,AWPainting 1.1_v1.1.safetensors-1
182,LAIONScore,32.0,6.703748167,0.100842361,6.491820335,6.648032069,6.708877087,6.77588594,6.904624939,-0.395559575,-0.109178989,6.263813823,0.295333269,0.289909363,0.010304279,3.096146122,0.132423802,AWPainting 1.1_v1.1.safetensors-10
183,LAIONScore,32.0,6.627050355,0.144381588,6.400561333,6.546624899,6.604503632,6.71442461,6.945869446,0.27895857,-0.597823627,5.487199828,0.359062547,0.275497437,0.006097084,3.315373696,0.189932141,AWPainting 1.1_v1.1.safetensors-11
184,LAIONScore,32.0,6.999789909,0.224646232,6.557747841,6.85961318,6.99041748,7.151012182,7.402078629,-0.012602933,-0.779257566,9.183339193,0.866284456,0.229618073,0.019500099,0.734383975,0.400582682,AWPainting 1.1_v1.1.safetensors-12
185,LAIONScore,32.0,7.095979497,0.198046053,6.627318382,6.97686851,7.111396551,7.210336566,7.4740839,-0.547193333,0.109559651,6.196026146,0.567524519,0.271385193,0.00988145,2.942749068,0.347220727,AWPainting 1.1_v1.1.safetensors-13
186,LAIONScore,32.0,6.981417328,0.166929098,6.555275917,6.878525019,6.991833925,7.095975518,7.308743,-0.425372072,0.085095737,7.248323709,0.632422073,0.246803284,0.016208467,2.410220347,0.340630467,AWPainting 1.1_v1.1.safetensors-14
187,LAIONScore,32.0,7.148236483,0.149456655,6.811101913,7.055181026,7.167282104,7.232692838,7.430587292,-0.265440403,-0.388518258,6.829590216,0.395273599,0.29523468,0.013378571,1.939736176,0.243221016,AWPainting 1.1_v1.1.safetensors-15
188,LAIONScore,32.0,6.962701678,0.158868415,6.483819962,6.882198572,7.013130903,7.06321311,7.189807892,-1.097506601,1.100997327,7.448355898,0.603714622,0.246131897,0.01433912,2.088043168,0.360267629,AWPainting 1.1_v1.1.safetensors-16
189,LAIONScore,32.0,7.300098181,0.090391726,7.092486382,7.258694172,7.306152582,7.347536445,7.493197441,-0.271166556,0.152948235,7.693107203,0.352550513,0.301399231,0.009502683,2.076909516,0.1718484,AWPainting 1.1_v1.1.safetensors-17
190,LAIONScore,32.0,6.973644465,0.101792356,6.746685982,6.912580371,6.980881214,7.035979748,7.217228889,0.037170222,-0.024540362,7.250427976,0.307438794,0.310791016,0.008585371,2.169447698,0.222405449,AWPainting 1.1_v1.1.safetensors-18
191,LAIONScore,32.0,7.006998703,0.358217997,6.308323383,6.828927994,6.998384953,7.250977993,7.68642664,-0.043706867,-0.633845559,5.631954938,0.999802961,0.225402832,0.018636048,3.006040432,0.460237902,AWPainting 1.1_v1.1.safetensors-19
192,LAIONScore,32.0,7.083316073,0.126207935,6.854047298,7.026191354,7.095770359,7.175426364,7.317889214,-0.308808305,-0.577997657,7.945342541,0.267094768,0.239646912,0.007574045,1.882576417,0.159667052,AWPainting 1.1_v1.1.safetensors-2
193,LAIONScore,32.0,7.144005895,0.114374246,6.884934425,7.054589748,7.136002779,7.208921671,7.374450684,0.241976663,-0.457350377,7.393071175,0.346968416,0.227622986,0.013250514,1.880475193,0.15075767,AWPainting 1.1_v1.1.safetensors-20
194,LAIONScore,32.0,7.109125227,0.100994517,6.93930912,7.030440807,7.110958099,7.177971601,7.268837929,-0.124754956,-1.067451654,7.107881695,0.402537,0.255142212,0.009442454,2.370675381,0.250126863,AWPainting 1.1_v1.1.safetensors-21
195,LAIONScore,32.0,7.170440108,0.130712033,6.893785,7.096277833,7.18191123,7.265168428,7.391596794,-0.309726293,-0.655944338,7.593240052,0.78495075,0.337493896,0.023678396,2.073413879,0.427543669,AWPainting 1.1_v1.1.safetensors-22
196,LAIONScore,32.0,6.851929039,0.192555432,6.35148716,6.751256704,6.821779966,6.961326122,7.271774292,-0.105567348,0.56112697,6.052317068,0.403407338,0.266616821,0.020863687,2.518269531,0.268958047,AWPainting 1.1_v1.1.safetensors-23
197,LAIONScore,32.0,6.922249958,0.190660693,6.52892065,6.78419745,6.949150085,7.052361012,7.328022957,-0.20937592,-0.5052932,6.913868308,0.446237503,0.273532867,0.015724217,2.216513071,0.238321937,AWPainting 1.1_v1.1.safetensors-24
198,LAIONScore,32.0,7.08361724,0.136530817,6.757971764,7.003668785,7.071941853,7.190311074,7.418851852,-0.036020297,0.339067289,7.006893381,0.539615244,0.310821533,0.014691195,2.440286949,0.304094636,AWPainting 1.1_v1.1.safetensors-25
199,LAIONScore,32.0,7.040839151,0.169824758,6.661839962,6.89364028,7.049949169,7.163704038,7.415757656,-0.030654154,-0.494018068,7.046940759,0.471496411,0.262580872,0.015474306,2.385922052,0.399087313,AWPainting 1.1_v1.1.safetensors-26
200,LAIONScore,32.0,6.974525556,0.117029613,6.676424026,6.889160633,6.967692137,7.064431429,7.228060722,-0.225119942,-0.101577786,7.412031129,0.721343126,0.252349854,0.011558027,2.321041759,0.43718482,AWPainting 1.1_v1.1.safetensors-27
201,LAIONScore,32.0,6.952546299,0.137542389,6.64948082,6.853888869,6.913193941,7.066241264,7.201293945,0.085975786,-0.802206804,7.707476214,0.496911921,0.310096741,0.016301313,1.956848066,0.312231494,AWPainting 1.1_v1.1.safetensors-28
202,LAIONScore,32.0,7.313390344,0.159245671,6.9339118,7.196159482,7.368287563,7.413329959,7.582818508,-0.619614882,-0.41178129,7.100724891,0.298964681,0.274307251,0.010141747,2.019835994,0.17673591,AWPainting 1.1_v1.1.safetensors-29
203,LAIONScore,32.0,6.72962904,0.275784839,6.05037117,6.59322083,6.76408577,6.936390758,7.163529396,-0.704637546,0.246773957,6.005471721,0.8031788,0.158374786,0.020295586,2.879425921,0.357256807,AWPainting 1.1_v1.1.safetensors-3
204,LAIONScore,32.0,5.893363521,0.349419778,5.299267292,5.65197587,5.859366894,6.014746785,6.898127079,0.901023024,0.772880707,6.852392808,0.754322246,0.230930328,0.010923065,1.800188091,0.207900602,AWPainting 1.1_v1.1.safetensors-4
205,LAIONScore,32.0,6.89188762,0.199460046,6.563596725,6.760917544,6.90562582,7.012302876,7.32294178,0.148360443,-0.395732959,6.347453475,0.634327122,0.256240845,0.02185269,2.905235779,0.378607052,AWPainting 1.1_v1.1.safetensors-5
206,LAIONScore,32.0,7.079883054,0.089721898,6.929733276,7.005659103,7.07314086,7.13534832,7.24865818,0.143105044,-0.816549839,8.015198469,0.400363016,0.262161255,0.016429054,1.924597546,0.223305796,AWPainting 1.1_v1.1.safetensors-6
207,LAIONScore,32.0,7.07639651,0.09083366,6.894533634,7.013067961,7.078107595,7.161929846,7.212650299,-0.278934429,-0.907843244,7.890301123,0.266548027,0.263420105,0.009863881,1.832718357,0.154711521,AWPainting 1.1_v1.1.safetensors-7
208,LAIONScore,32.0,6.809389651,0.129141458,6.602993965,6.708323479,6.801064491,6.893740892,7.178926945,0.73473444,0.403504408,6.753449991,0.387111175,0.314399719,0.011582011,2.781667612,0.197073701,AWPainting 1.1_v1.1.safetensors-8
209,LAIONScore,32.0,7.194428325,0.166105082,6.644132137,7.151958466,7.221819162,7.295796156,7.501023293,-1.188441552,2.202688615,6.264739931,0.6202896,0.334152222,0.012550917,2.813066855,0.295179482,AWPainting 1.1_v1.1.safetensors-9
LAIONScore,,32.0,6.5532823503017426,0.1293374610262111,6.3337602615356445,6.437098264694215,6.565442085266113,6.63364851474762,6.845922946929932,0.18791090046051825,-0.5339426452997937,,,0.29509735107421875,0.013348464634194715,,,majicmixLux_v10.safetensors-0
LAIONScore,,32.0,6.616416320204735,0.1700080740144167,6.354099273681641,6.503268122673035,6.589691400527954,6.742595314979553,7.030069351196289,0.39702718470265647,-0.43988020649551807,,,0.2956695556640625,0.016709251903307385,,,majicmixLux_v10.safetensors-1
LAIONScore,,32.0,6.636051043868065,0.12335863232699566,6.418668746948242,6.555384993553162,6.61176872253418,6.708983302116394,6.890196800231934,0.29087074639979205,-0.5748820391989624,,,0.3126678466796875,0.009562757487819618,,,majicmixLux_v10.safetensors-10
LAIONScore,,32.0,6.416849240660667,0.1363339712557023,6.219058036804199,6.305809259414673,6.410825252532959,6.509144425392151,6.786131858825684,0.5642554528675802,-0.13306753723541576,,,0.2622337341308594,0.012596358534596638,,,majicmixLux_v10.safetensors-11
LAIONScore,,32.0,6.631732940673828,0.2628167739413855,6.072417259216309,6.440333127975464,6.646549701690674,6.862844228744507,7.050764083862305,-0.3220249678349557,-0.8131827990527203,,,0.20115280151367188,0.0243776834172178,,,majicmixLux_v10.safetensors-12
LAIONScore,,32.0,6.467046216130257,0.17535563654638264,5.978641033172607,6.361424207687378,6.519719362258911,6.565737247467041,6.794427394866943,-0.6933399583364611,0.5631466406621533,,,0.23224258422851562,0.015408807955859366,,,majicmixLux_v10.safetensors-13
LAIONScore,,32.0,6.967113584280014,0.1614622931845278,6.608640670776367,6.852008819580078,6.967435836791992,7.06658148765564,7.254899024963379,-0.31359047550622254,-0.0925379788315519,,,0.27750396728515625,0.014040820228654027,,,majicmixLux_v10.safetensors-14
LAIONScore,,32.0,6.876775160431862,0.19413413089962986,6.500256061553955,6.753775000572205,6.839855670928955,7.013138175010682,7.395428657531738,0.6242343998137497,0.16304190632829574,,,0.26551055908203125,0.011884938958157062,,,majicmixLux_v10.safetensors-15
LAIONScore,,32.0,6.722403302788734,0.19751435352688806,6.256587028503418,6.627156972885132,6.690571546554565,6.872275233268738,7.084176063537598,-0.29845603551325317,-0.2384657483669228,,,0.2744789123535156,0.018913464085479975,,,majicmixLux_v10.safetensors-16
LAIONScore,,32.0,6.97876150906086,0.1604576376829929,6.635909080505371,6.879239201545715,6.986512184143066,7.088919758796692,7.27696418762207,-0.26709835849065755,-0.5678872638279566,,,0.3004608154296875,0.012490369767684768,,,majicmixLux_v10.safetensors-17
LAIONScore,,32.0,6.999804303050041,0.11950290520003706,6.664275169372559,6.934632062911987,7.009283542633057,7.072056293487549,7.224373817443848,-0.6017669005469517,0.7153232579548936,,,0.32051849365234375,0.011410980643913373,,,majicmixLux_v10.safetensors-18
LAIONScore,,32.0,6.309089779853821,0.3419738663864908,5.439522743225098,6.028369426727295,6.335887670516968,6.57748019695282,6.828444480895996,-0.596187408629105,-0.2577390115805658,,,0.20565414428710938,0.023581365956792253,,,majicmixLux_v10.safetensors-19
LAIONScore,,32.0,6.821648567914963,0.2071581285424617,6.437424659729004,6.709569334983826,6.834704875946045,6.929987907409668,7.267657279968262,0.00878223164792311,-0.299747086199067,,,0.26453399658203125,0.010486282921024173,,,majicmixLux_v10.safetensors-2
LAIONScore,,32.0,6.82035630941391,0.1630876820859032,6.410137176513672,6.741645097732544,6.835245370864868,6.914000034332275,7.108260154724121,-0.5168040767702871,-0.05684268178905505,,,0.23602294921875,0.023703005090710702,,,majicmixLux_v10.safetensors-20
LAIONScore,,32.0,6.641836434602737,0.15721538630633453,6.386665344238281,6.5339906215667725,6.62540078163147,6.730454921722412,6.969605922698975,0.4062619393697961,-0.679865223597746,,,0.2527580261230469,0.016555381365631578,,,majicmixLux_v10.safetensors-21
LAIONScore,,32.0,6.807360768318176,0.27567862462332643,6.090103626251221,6.655762791633606,6.771057367324829,7.052149057388306,7.22293758392334,-0.41764291769610734,-0.27967394694900394,,,0.286468505859375,0.037005215579288785,,,majicmixLux_v10.safetensors-22
LAIONScore,,32.0,6.698261976242065,0.30221725275609146,6.126392364501953,6.505767822265625,6.734132289886475,6.892894506454468,7.401395320892334,0.004891535199201513,-0.20498140348176097,,,0.22916030883789062,0.019553487382135817,,,majicmixLux_v10.safetensors-23
LAIONScore,,32.0,6.562995076179504,0.5938122776956198,5.533708572387695,5.880776405334473,6.835378885269165,7.00980544090271,7.414381980895996,-0.4825254054893188,-1.268068388662492,,,0.2567024230957031,0.034215940042403234,,,majicmixLux_v10.safetensors-24
LAIONScore,,32.0,7.234599083662033,0.13947084593139097,7.005211353302002,7.130637884140015,7.223092317581177,7.323633670806885,7.512275218963623,0.0037953048104139475,-0.9205614617627851,,,0.2820930480957031,0.01502207004680462,,,majicmixLux_v10.safetensors-25
LAIONScore,,32.0,6.682894289493561,0.24328826015791352,6.091562271118164,6.526775240898132,6.720572471618652,6.808301687240601,7.160255432128906,-0.16651635723167252,0.22711775594796935,,,0.2499542236328125,0.020917807497387843,,,majicmixLux_v10.safetensors-26
LAIONScore,,32.0,6.905093267560005,0.14562721292808753,6.638254165649414,6.8199392557144165,6.890698432922363,6.988902807235718,7.221652984619141,0.2908726256838842,-0.36774373851874875,,,0.2632865905761719,0.012990889229160883,,,majicmixLux_v10.safetensors-27
LAIONScore,,32.0,7.032140150666237,0.12790029793677204,6.659425735473633,6.958633542060852,7.037472486495972,7.101900935173035,7.260980606079102,-0.5781873037944562,0.7773164726795025,,,0.31485748291015625,0.015958867962465973,,,majicmixLux_v10.safetensors-28
LAIONScore,,32.0,6.738090291619301,0.21714431701091805,6.378084182739258,6.559849977493287,6.738841772079468,6.91410231590271,7.163094520568848,0.112778778060095,-0.907366142512184,,,0.2561378479003906,0.0172762981275358,,,majicmixLux_v10.safetensors-29
LAIONScore,,32.0,6.455996721982956,0.18393548457669792,6.114037990570068,6.328312277793884,6.440129280090332,6.59764564037323,6.7908616065979,-0.030231298360934123,-0.8615211709934072,,,0.1527690887451172,0.02125179307516758,,,majicmixLux_v10.safetensors-3
LAIONScore,,32.0,5.7172044068574905,0.22296802702299642,5.35233211517334,5.576839923858643,5.6743857860565186,5.889244198799133,6.1399006843566895,0.17048118151585268,-0.9608186482878645,,,0.24358367919921875,0.016088406913668342,,,majicmixLux_v10.safetensors-4
LAIONScore,,32.0,6.531851708889008,0.29556614857695407,5.700780868530273,6.362645506858826,6.608863353729248,6.726388573646545,6.943543434143066,-0.9059642348659013,0.3632039562059757,,,0.2845916748046875,0.030623728199018,,,majicmixLux_v10.safetensors-5
LAIONScore,,32.0,6.800609722733498,0.154366186594521,6.334503173828125,6.711555361747742,6.8114073276519775,6.9035598039627075,7.072065353393555,-0.6660884348430923,0.8958668780044103,,,0.28265380859375,0.017188306269374554,,,majicmixLux_v10.safetensors-6
LAIONScore,,32.0,6.766581252217293,0.1596222469460407,6.444650650024414,6.677290439605713,6.754060745239258,6.843920350074768,7.068012237548828,0.1766210464629578,-0.2397244758380377,,,0.28888702392578125,0.013004676162230557,,,majicmixLux_v10.safetensors-7
LAIONScore,,32.0,6.788573637604713,0.23935317915772916,6.242927551269531,6.669720768928528,6.804714679718018,6.950671672821045,7.329203605651855,-0.060025122073107104,-0.0510244077433315,,,0.31826019287109375,0.019959602850228943,,,majicmixLux_v10.safetensors-8
LAIONScore,,32.0,6.336155652999878,0.27663272075060263,5.775835990905762,6.130568265914917,6.386258125305176,6.470989227294922,6.931310176849365,-0.08534975679359409,-0.41838352582691885,,,0.27567291259765625,0.01817148009735843,,,majicmixLux_v10.safetensors-9
